{
    "intercept": 1.0555555555555556,
    "coefficients": {
        "Price_LKR": -0.001220032862834691,
        "Global_USD": 0.010834894231017064,
        "USD_LKR": 0.006161598274240819,
        "Month_Sin": -0.002066932314767431,
        "Month_Cos": 0.03551299296734508
    },
    "scaler": {
        "Price_LKR": {
            "mean": 826.7262962962964,
            "scale": 625.4340927124323
        },
        "Global_USD": {
            "mean": 2.5296951151659073,
            "scale": 1.8836946931845906
        },
        "USD_LKR": {
            "mean": 311.1277777777778,
            "scale": 19.031408412748636
        },
        "Month_Sin": {
            "mean": 0.08763057051053476,
            "scale": 0.7147302999247455
        },
        "Month_Cos": {
            "mean": 0.050593533473497695,
            "scale": 0.6920417442988158
        }
    }
}